,Platform,Search_Term,Title,Company,Location,URL,Seniority,Type,Industry,Date_Queried
0,LinkedIn,Ethical Hacking,Cyber Threat Intelligence Expert and Principal Consultant Job,SAP,"Newtown, PA",https://www.linkedin.com/jobs/view/cyber-threat-intelligence-expert-and-principal-consultant-job-at-sap-1921679005?refId=85e97110-a3a1-4043-8dad-0d95b9373c7d&amp;position=1&amp;pageNum=0&amp;trk=public_jobs_job-result-card_result-card_full-click,Not Applicable,Full-time,Computer Software,2020-07-27
1,LinkedIn,Ethical Hacking,Cyber Threat Analyst,ManTech,"Springfield, VA",https://www.linkedin.com/jobs/view/cyber-threat-analyst-at-mantech-1395139958?refId=85e97110-a3a1-4043-8dad-0d95b9373c7d&amp;position=2&amp;pageNum=0&amp;trk=public_jobs_job-result-card_result-card_full-click,Entry level,Full-time,Information Technology and Services,2020-07-27
2,LinkedIn,Ethical Hacking,Jr. Systems Engineer,Leidos,"Washington, DC",https://www.linkedin.com/jobs/view/jr-systems-engineer-at-leidos-1921889175?refId=85e97110-a3a1-4043-8dad-0d95b9373c7d&amp;position=3&amp;pageNum=0&amp;trk=public_jobs_job-result-card_result-card_full-click,Mid-Senior level,Full-time,Defense & Space,2020-07-27
3,LinkedIn,Ethical Hacking,Information Security Manager,"Aperio Global, LLC","Washington, DC",https://www.linkedin.com/jobs/view/information-security-manager-at-aperio-global-llc-1966826698?refId=85e97110-a3a1-4043-8dad-0d95b9373c7d&amp;position=4&amp;pageNum=0&amp;trk=public_jobs_job-result-card_result-card_full-click,Mid-Senior level,Full-time,Information Technology and Services,2020-07-27
4,LinkedIn,Ethical Hacking,Senior Security Analyst - SOC,Wintrust Financial Corporation,"Rosemont, IL",https://www.linkedin.com/jobs/view/senior-security-analyst-soc-at-wintrust-financial-corporation-1966587958?refId=85e97110-a3a1-4043-8dad-0d95b9373c7d&amp;position=5&amp;pageNum=0&amp;trk=public_jobs_job-result-card_result-card_full-click,Associate,Full-time,Banking,2020-07-27
5,LinkedIn,Ethical Hacking,Manager II of Cyber Defense Technology,Raytheon Missiles & Defense,Greater Tucson Area,https://www.linkedin.com/jobs/view/manager-ii-of-cyber-defense-technology-at-raytheon-missiles-defense-329732980?refId=85e97110-a3a1-4043-8dad-0d95b9373c7d&amp;position=6&amp;pageNum=0&amp;trk=public_jobs_job-result-card_result-card_full-click,Mid-Senior level,Full-time,Defense & Space,2020-07-27
6,LinkedIn,Ethical Hacking,Sr. Cyber Security Engineer,U.S. Cellular,"Schaumburg, IL",https://www.linkedin.com/jobs/view/sr-cyber-security-engineer-at-u-s-cellular-1901147550?refId=85e97110-a3a1-4043-8dad-0d95b9373c7d&amp;position=7&amp;pageNum=0&amp;trk=public_jobs_job-result-card_result-card_full-click,Associate,Full-time,Marketing and Advertising,2020-07-27
7,LinkedIn,Ethical Hacking,Information System Security Officer (ISSO) with Security Clearance,ClearanceJobs,"Washington, DC",https://www.linkedin.com/jobs/view/information-system-security-officer-isso-with-security-clearance-at-clearancejobs-1952994966?refId=85e97110-a3a1-4043-8dad-0d95b9373c7d&amp;position=8&amp;pageNum=0&amp;trk=public_jobs_job-result-card_result-card_full-click,Associate,Full-time,Information Technology and Services,2020-07-27
8,LinkedIn,Ethical Hacking,Siteminder,ace technologies pvt ltd,"Denver, CO",https://www.linkedin.com/jobs/view/siteminder-at-ace-technologies-pvt-ltd-1965789571?refId=85e97110-a3a1-4043-8dad-0d95b9373c7d&amp;position=9&amp;pageNum=0&amp;trk=public_jobs_job-result-card_result-card_full-click,Not Applicable,Full-time,Information Technology and Services,2020-07-27
9,LinkedIn,Ethical Management,Business Development Manager,Wilson Warehouse,"Baton Rouge, LA",https://www.linkedin.com/jobs/view/business-development-manager-at-wilson-warehouse-1776825386?refId=b085119a-e34b-4841-9897-e24b492cb679&amp;position=1&amp;pageNum=0&amp;trk=public_jobs_job-result-card_result-card_full-click,Mid-Senior level,Full-time,Warehousing,2020-07-27
10,LinkedIn,Ethical Management,Head of Group Compliance,Aspen Insurance Group,New York City Metropolitan Area,https://www.linkedin.com/jobs/view/head-of-group-compliance-at-aspen-insurance-group-1939509484?refId=b085119a-e34b-4841-9897-e24b492cb679&amp;position=2&amp;pageNum=0&amp;trk=public_jobs_job-result-card_result-card_full-click,Associate,Full-time,Insurance,2020-07-27
11,LinkedIn,Ethical Management,Fiscal Policy Analyst 3,State of Georgia,"Atlanta, GA",https://www.linkedin.com/jobs/view/fiscal-policy-analyst-3-at-state-of-georgia-1965957445?refId=b085119a-e34b-4841-9897-e24b492cb679&amp;position=3&amp;pageNum=0&amp;trk=public_jobs_job-result-card_result-card_full-click,Associate,Full-time,Military,2020-07-27
12,LinkedIn,Ethical Management,"Strategic Advisory Asset Management, Senior Vice President",VelvetJobs,"Chicago, IL",https://www.linkedin.com/jobs/view/strategic-advisory-asset-management-senior-vice-president-at-velvetjobs-1939516858?refId=b085119a-e34b-4841-9897-e24b492cb679&amp;position=4&amp;pageNum=0&amp;trk=public_jobs_job-result-card_result-card_full-click,Mid-Senior level,Full-time,Financial Services,2020-07-27
13,LinkedIn,Ethical Management,Special Projects Manager - Bay Area Regional Office,Aspire Public Schools,"Bay, AR",https://www.linkedin.com/jobs/view/special-projects-manager-bay-area-regional-office-at-aspire-public-schools-1965904929?refId=b085119a-e34b-4841-9897-e24b492cb679&amp;position=5&amp;pageNum=0&amp;trk=public_jobs_job-result-card_result-card_full-click,Associate,Full-time,Education Management,2020-07-27
14,LinkedIn,Ethical Management,"Consultant, Application Support Investment Systems",Northern Trust Corporation,"Chicago, IL",https://www.linkedin.com/jobs/view/consultant-application-support-investment-systems-at-northern-trust-corporation-1901183821?refId=b085119a-e34b-4841-9897-e24b492cb679&amp;position=6&amp;pageNum=0&amp;trk=public_jobs_job-result-card_result-card_full-click,Associate,Full-time,Information Technology and Services,2020-07-27
15,LinkedIn,Ethical Management,Inventory Analyst,Globus Medical,"Audubon, PA",https://www.linkedin.com/jobs/view/inventory-analyst-at-globus-medical-1952999950?refId=b085119a-e34b-4841-9897-e24b492cb679&amp;position=7&amp;pageNum=0&amp;trk=public_jobs_job-result-card_result-card_full-click,Associate,Full-time,Medical Devices,2020-07-27
16,LinkedIn,Ethical Management,Contract Specialist,Competitive Range,"Washington, DC",https://www.linkedin.com/jobs/view/contract-specialist-at-competitive-range-1965710129?refId=b085119a-e34b-4841-9897-e24b492cb679&amp;position=8&amp;pageNum=0&amp;trk=public_jobs_job-result-card_result-card_full-click,Entry level,Contract,Nonprofit Organization Management,2020-07-27
17,LinkedIn,Ethical Management,Account Manager - Compressed Air Systems,Crawford Thomas Recruiting,"Eagan, MN",https://www.linkedin.com/jobs/view/account-manager-compressed-air-systems-at-crawford-thomas-recruiting-1921284290?refId=b085119a-e34b-4841-9897-e24b492cb679&amp;position=9&amp;pageNum=0&amp;trk=public_jobs_job-result-card_result-card_full-click,Associate,Full-time,Construction,2020-07-27
18,LinkedIn,Ethical Management,Director Information Technology,Covance,"Durham, NC",https://www.linkedin.com/jobs/view/director-information-technology-at-covance-1903003461?refId=b085119a-e34b-4841-9897-e24b492cb679&amp;position=10&amp;pageNum=0&amp;trk=public_jobs_job-result-card_result-card_full-click,Director,Full-time,Information Technology and Services,2020-07-27
19,LinkedIn,Ethical Management,Assoc Client Support Consultant,ADP,"El Paso, TX",https://www.linkedin.com/jobs/view/assoc-client-support-consultant-at-adp-1966550218?refId=b085119a-e34b-4841-9897-e24b492cb679&amp;position=11&amp;pageNum=0&amp;trk=public_jobs_job-result-card_result-card_full-click,Not Applicable,Full-time,Computer Software,2020-07-27
20,LinkedIn,Ethical Management,Manager Clinical Data Management,Bayer,"Hanover Township, NJ",https://www.linkedin.com/jobs/view/manager-clinical-data-management-at-bayer-1953100552?refId=b085119a-e34b-4841-9897-e24b492cb679&amp;position=12&amp;pageNum=0&amp;trk=public_jobs_job-result-card_result-card_full-click,Mid-Senior level,Full-time,Chemicals,2020-07-27
21,LinkedIn,Ethical Management,Director of Business Services,Center for Disability Services,"Albany, NY",https://www.linkedin.com/jobs/view/director-of-business-services-at-center-for-disability-services-1966182608?refId=b085119a-e34b-4841-9897-e24b492cb679&amp;position=13&amp;pageNum=0&amp;trk=public_jobs_job-result-card_result-card_full-click,Director,Full-time,Nonprofit Organization Management,2020-07-27
22,LinkedIn,Ethical Management,"Director,  Third Party Liability Hospital Claims",Argos Health,"Augusta, GA",https://www.linkedin.com/jobs/view/director-third-party-liability-hospital-claims-at-argos-health-1875673068?refId=b085119a-e34b-4841-9897-e24b492cb679&amp;position=14&amp;pageNum=0&amp;trk=public_jobs_job-result-card_result-card_full-click,Mid-Senior level,Full-time,Hospital & Health Care,2020-07-27
23,LinkedIn,Ethical Management,"Sr IS Risk Manager, IS",Edward Jones,"St Louis, MO",https://www.linkedin.com/jobs/view/sr-is-risk-manager-is-at-edward-jones-1901180163?refId=b085119a-e34b-4841-9897-e24b492cb679&amp;position=15&amp;pageNum=0&amp;trk=public_jobs_job-result-card_result-card_full-click,Mid-Senior level,Full-time,Financial Services,2020-07-27
24,LinkedIn,Ethical Management,Senior Security Analyst - SOC,Wintrust Financial Corporation,"Rosemont, IL",https://www.linkedin.com/jobs/view/senior-security-analyst-soc-at-wintrust-financial-corporation-1966587958?refId=b085119a-e34b-4841-9897-e24b492cb679&amp;position=16&amp;pageNum=0&amp;trk=public_jobs_job-result-card_result-card_full-click,Associate,Full-time,Banking,2020-07-27
25,LinkedIn,Ethical Management,Accounts Payable Supervisor,"Adroit Partners, LLC","Pasadena, TX",https://www.linkedin.com/jobs/view/accounts-payable-supervisor-at-adroit-partners-llc-1966968095?refId=b085119a-e34b-4841-9897-e24b492cb679&amp;position=17&amp;pageNum=0&amp;trk=public_jobs_job-result-card_result-card_full-click,Mid-Senior level,Full-time,Information Technology and Services,2020-07-27
26,LinkedIn,Ethical Management,Manager / Director of Tax Services,Redpoint Financial Group,"Denver, CO",https://www.linkedin.com/jobs/view/manager-director-of-tax-services-at-redpoint-financial-group-1966394166?refId=b085119a-e34b-4841-9897-e24b492cb679&amp;position=18&amp;pageNum=0&amp;trk=public_jobs_job-result-card_result-card_full-click,Director,Full-time,Accounting,2020-07-27
27,LinkedIn,Ethical Management,Clinical Operations Assistant,"Supernus Pharmaceuticals, Inc.","Rockville, MD",https://www.linkedin.com/jobs/view/clinical-operations-assistant-at-supernus-pharmaceuticals-inc-1965991000?refId=b085119a-e34b-4841-9897-e24b492cb679&amp;position=19&amp;pageNum=0&amp;trk=public_jobs_job-result-card_result-card_full-click,Entry level,Full-time,Hospital & Health Care,2020-07-27
28,LinkedIn,Ethical Management,"Associate Director, Medical Communications Lead - Lung Cancer, GMAO",Takeda,"Cambridge, MA",https://www.linkedin.com/jobs/view/associate-director-medical-communications-lead-lung-cancer-gmao-at-takeda-1901161112?refId=b085119a-e34b-4841-9897-e24b492cb679&amp;position=20&amp;pageNum=0&amp;trk=public_jobs_job-result-card_result-card_full-click,Mid-Senior level,Full-time,Pharmaceuticals,2020-07-27
29,LinkedIn,Ethical Management,"Sales SVP/Mentor/Virtual PLATFORM $145,000 to $595,000",Laura Hughes,"Tampa, FL",https://www.linkedin.com/jobs/view/sales-svp-mentor-virtual-platform-%24145-000-to-%24595-000-at-laura-hughes-1966369399?refId=b085119a-e34b-4841-9897-e24b492cb679&amp;position=21&amp;pageNum=0&amp;trk=public_jobs_job-result-card_result-card_full-click,Executive,Part-time,Insurance,2020-07-27
30,LinkedIn,Ethical Management,Executive Director- Marion County Community Corrections,Gov,"Indianapolis, IN",https://www.linkedin.com/jobs/view/executive-director-marion-county-community-corrections-at-gov-1965809194?refId=b085119a-e34b-4841-9897-e24b492cb679&amp;position=22&amp;pageNum=0&amp;trk=public_jobs_job-result-card_result-card_full-click,Executive,Full-time,Construction,2020-07-27
31,LinkedIn,Ethical Management,"Territory Manager - Charlottesville, VA - LifeVest",ZOLL Medical Corporation,"Charlottesville, VA",https://www.linkedin.com/jobs/view/territory-manager-charlottesville-va-lifevest-at-zoll-medical-corporation-1707421999?refId=b085119a-e34b-4841-9897-e24b492cb679&amp;position=23&amp;pageNum=0&amp;trk=public_jobs_job-result-card_result-card_full-click,Associate,Full-time,Information Technology and Services,2020-07-27
32,LinkedIn,Ethical Management,Quality Assurance Specialist,"Senior Solutions Home Care (Senior Solutions At Home, Inc.)","Memphis, TN",https://www.linkedin.com/jobs/view/quality-assurance-specialist-at-senior-solutions-home-care-senior-solutions-at-home-inc-1965979157?refId=b085119a-e34b-4841-9897-e24b492cb679&amp;position=24&amp;pageNum=0&amp;trk=public_jobs_job-result-card_result-card_full-click,Entry level,Full-time,Hospital & Health Care,2020-07-27
33,Indeed,Ethical Management,Grocery Food & Beverage Coordinator (Multi-Unit) - San Francisco Peninsula,Target,"Pleasant Hill, CA",https://www.indeed.com/pagead/clk?mo=r&ad=-6NYlbfkN0AgONBeCfCTVljpwzR96jFX3mtyFC--n153CYnqiKkqISljYKMEhFI3jzIhFm3J_pnqYjbRLUcgXSRbTeUvD0iTV49rLgMRXUytuWGxxoAh9eRP68VX2PIBNnj2OhgV6xnCf2esPrOJsJwvxmPgGReLhhLjrXUD1kPYmC9cmZa1S59vJAlRDJpOD98vDSre9ZkXDuPoMqbqahEOVtVJdYbO_VHzUBynrO7fYuEDdN2CY7_DtbUCNqhVjaj4smdfhiVbr4iPmlQ95R2dgBfPDwJBIG8ehkrVBVFN-2zyhKCJmsOcXzzqZu6QAkrHAIpU__Xd9BfuZrCW2LKa1dORLMcs4zC9ifQ24oxiRwSWeU17XBlxMCDgYruh&p=0&fvj=0&vjs=3,Not Applicable,Not Applicable,Not Applicable,2020-07-27
34,Indeed,Ethical Management,Visual Merchandiser,Target,"Dublin, CA",https://www.indeed.com/pagead/clk?mo=r&ad=-6NYlbfkN0AgONBeCfCTVljpwzR96jFX3mtyFC--n153CYnqiKkqISljYKMEhFI395nAjsHEZ8FBE05wJBytIBQYdy1Wu57lPmlNv3p4kqTm_6X5hfSJE5HWHUMW7VqifD1Ztd_dvrZ7J_tZPmX9yir22zgJ0nemMWynDBJ20dWnr_t1cSMyCVxP-rD8hCej4WGrlVLA31GaFNkMo_q7WWYareUkBSrEg6ayLG3rSE34TpM1JUSPYah71eDusJ5wLuesZap2yVb65Dq4cY0UkOmE_PvBpzAlE0JqFuWP62PPOhRmpI-p_c3PaLrQvowna2sbwuWvuJa73WOuca__OZqFkXhX1ktFZpkqsRWofI2sIdNTvSYvvPM2qtcd20MT&p=1&fvj=0&vjs=3,Not Applicable,Not Applicable,Not Applicable,2020-07-27
35,Indeed,Ethical Management,Grocery Food & Beverage Coordinator (Multi-Unit) - East Bay & Tri-Valley,Target,"Dublin, CA",https://www.indeed.com/pagead/clk?mo=r&ad=-6NYlbfkN0AgONBeCfCTVljpwzR96jFX3mtyFC--n153CYnqiKkqISljYKMEhFI3f7u5aCYOrCPgAQ5HrjTg7efQWBUi64JhUrQATANkmxSRHT9LgWU-_9YH6qDGO72TToPGAZN1iG6qOpCxhnU28a4uKmEeL75NwDAqmPsvldKGa12-YeyQoGIiJCttLPIgRswb89xI8STIKc_B0rXjdLYRj5TCUVWkywMHgDPDr3fr0LtWT1lAzhJJlGdEP_-PrF8NUVRgjM9LGWlIvKDXT5gfi1vAHLTS8aYnVBLPKE1-W5utBATupf3e8FiTAkwCtAefsABk0KmtYvVTiUh_8dOx16g-VEhh1hX2m8jNnDO2iAomqpGGvV7H6dyamoZR&p=2&fvj=0&vjs=3,Not Applicable,Not Applicable,Not Applicable,2020-07-27
36,Indeed,Ethical Management,MEDICAL OFFICE MANAGER,Tri-State Orthopaedics,"Germantown, TN",https://www.indeed.com/pagead/clk?mo=r&ad=-6NYlbfkN0CsRF7QP3ckO7m1Bl-4E9mlsB3xT5vedg7j5TVVT0YHOshlnWGP6oWn7C-FR59lQzGQHtO15WJOgRJ4I87KFDuFo5mclBw5KtEzuXTP7hnN045e1M7Z4fNJEbGF59bzxzpsO-lgK-qFXpsOZ55tKS-sEVSisDkB8BwDdy1whMpIJXCYTTGIWy5H_dVhv36otL37rpgfO40DCOGfKJISa1SJFL0n3AWqTovpKpcSl1bS4DYuof_F9u8kZ7kA6PhiV7foSM2XO8ml-rtW5HxoaVkY5J7pLJPSwp54ai2QN-2dp7d7TUXt_CjMBX5k43-qM-drwYUdczVZtrNtl0YSGVC0Yi7nM8oP379672KW1Ot57VrY2sFC3dWD3-cMVa0mH2UcQY67TVfpo3gF5CDGsTA2gC0MIe8AfDQSm7aO43oRZr-CUvcAhrj8Q0a3PC-o4ks=&p=3&fvj=1&vjs=3,Not Applicable,Not Applicable,Not Applicable,2020-07-27
37,Indeed,Ethical Management,Colonial Life Agent,Colonial Life,"Ladue, MO",https://www.indeed.com/pagead/clk?mo=r&ad=-6NYlbfkN0BuTSL8ZSOLCRthQPHKOR7FDVmXLo_woi1wng1jtZ66JLkp8WCBIYS5VWjAkHz46AKxfwTUtlvd6mru9L8aX07LnrsfiHCYsDn-ktAfxwk0hutpaJ5oxDgXn7LtpvPYmVT_B4tKtpHGf7tpshzU1amFzokKW-Z7cNKVBBlTHw8K56crtQ0KOTun6Gi4dmdyhDIF2z3bzJfIMCt3AQHnc-jQYllcmL0LIlsEMxFDuz5KNbs8Sfpwwpqpo8K_X1Er9O5H7gnSs4Jdv9OywI7JehwLtN_q-8QLt31ui_U7NMYpKIUSW505cXI5w_dx3GXYY-OtfqJzboDbBwQbXiFpCP8iaUEJfI_h-EuOSS7tv3AmBtKl0ahJty62TKE09ZAYyLi4VblHE2-ue1T4PefSt-_cfMlqkKkD7qgkMdtYHPIDJX7EVxEShwrGUVMfRF5Pxa4=&p=4&fvj=1&vjs=3,Not Applicable,Not Applicable,Not Applicable,2020-07-27
38,Indeed,Ethical Management,Marketing Associate,"Danny Mara, DSC","Harrisburg, PA",https://www.indeed.com/pagead/clk?mo=r&ad=-6NYlbfkN0B6gjzhPhpI1ENbCgCDsEpwJd-QYbTrBmpfifUOJE5fTDD9vzfQ0wTd035m-KKsIEcjQLuzW12DRYu3UY70Qece2oUjuDdLYLEQ0hdKirbW36P5raSQGz0-OBIcAdGvg2m9cpndIL905Bbhm_e4COmh71qIP7kh7FdbCGD3vKsAs59SMFqRFVNKIF37jSMDEWs8e0d1ms8s1PVkRLJ4F2-cGGcIsDZBFLxKNDPWNQ1b9najYJxbZlqSUndrgS_DvTH1pU4BwMRsfvTH9EBpDrophqW5cBcl1AZLAO_YxtPP6oQzVpgefpJumlXLNu5BHFxRdpn9wsLfBGRMJsIdQGMVCza58BUoy5GcEPRnoJv3SrcLWB8AUrHCxvL8afITfb2EBqxLbaAqEUpEIr1SyuEYYR4-8JE4vzSJ5DJQeLOAJaqJAYVkDKrGsi76dS4JyEE9tVnlDVurOA==&p=5&fvj=1&vjs=3,Not Applicable,Not Applicable,Not Applicable,2020-07-27
39,Indeed,Ethical Management,Property Management Lead,Target,"Daly City, CA",https://www.indeed.com/pagead/clk?mo=r&ad=-6NYlbfkN0AgONBeCfCTVljpwzR96jFX3mtyFC--n153CYnqiKkqISljYKMEhFI395nAjsHEZ8FBE05wJBytICrJLMc0JHWWKg6MhjCagPihmieamd38dNDUJ9JpNvneI-cb2NShiUHRFz90RzUt2AjWKcoS_M3YbVnQ6BjJbNv3EE3xyaIlg2Sya-3MNV2LF207t1hI2DdRwt5Ty8Q_9qmEoD0imXT0hNZWSEcZOkWaQcHl07sPpz5Nxk5kO7AvJH4TyYTJy-B0oIXLNJtsPN0SmxZqrc8mfKX4X3MhQXb5pSJVnIZJsmdCDniWtBqmSSbHEzgCykJKkofkGj8Fr9nk8az9ZDaSSEXOxpeo4bjvKbuu_NKjKTSbL9JiPVHV&p=6&fvj=0&vjs=3,Not Applicable,Not Applicable,Not Applicable,2020-07-27
40,Indeed,Ethical Management,Target Security Specialist,Target,"Gilroy, CA",https://www.indeed.com/pagead/clk?mo=r&ad=-6NYlbfkN0AgONBeCfCTVljpwzR96jFX3mtyFC--n153CYnqiKkqISljYKMEhFI3f7u5aCYOrCPgAQ5HrjTg7Si9xm21mbBV_8fqqG_1pfNfrXTyujla6i3B6BLdx3bbKHw18lDbyXpoXWH5kjjJL2zvOgvbGyDVLwIdDUMPhrt_0ynS4Ykc7h9FFDUQLy5pTzHxZYEptldyDddiav8vFxkban067frjJPqdu-B8kBpS5q7E_uk12bP1VvhSqn-py05wQOhYuMUw6EyYcxVmZMZNDJIB8zt7nGlzy9Ac2CCVdMThe-1SxL8tfEMKay6ZcpsLDCeAKPkOn0MvaPJdNWumnS2wVvzJPMd4nwuTlAciNeykqsgBkuJKREVUM7W6&p=7&fvj=0&vjs=3,Not Applicable,Not Applicable,Not Applicable,2020-07-27
41,Indeed,Ethical Management,General Merchandise Team Leader,Target,"Daly City, CA",https://www.indeed.com/pagead/clk?mo=r&ad=-6NYlbfkN0AgONBeCfCTVljpwzR96jFX3mtyFC--n153CYnqiKkqISljYKMEhFI3zq5AYjhARquyowfEzKiE35crz8XauiVItfIiUesNHMpuP2ssuY3DYcbFH1FnoOrJbFArXlBYNTB4xGBy4Opae7IGcmlS0chIURnjvCvpnjGH8lXgKF18UfvJKF07u4vcG2jpWBhVLx_CBfz9RNI8KeXa7058bQJTt0Figxa71dj54tYcFJVA-JRP3HCDt2TvO-PCpt28hOe9KLWrzW63e2aI-JtUxSw_fGR9ZJlsgmVj_MKs1NvBn1mF311QNCUH5902XAgqlnWhOm7NWliJnTzLoh1Xv9wiYXtlAR8fVdurJVUIAw4tnUsP38ukLIzO&p=8&fvj=0&vjs=3,Not Applicable,Not Applicable,Not Applicable,2020-07-27
42,Indeed,Ethical Management,"Grocery Food & Beverage Coordinator Dry/AB/DSD (Multi-unit) - Chicago, IL",Target,"Broadview, IL",https://www.indeed.com/pagead/clk?mo=r&ad=-6NYlbfkN0AgONBeCfCTVljpwzR96jFX3mtyFC--n153CYnqiKkqISljYKMEhFI395nAjsHEZ8FBE05wJBytIOVH8mYXWlxZ9dh8FJfit527F6fmeZC1bNgmoF4y21u0lOYQstAcV1t9DmqFIFI4iWQVRPX5rd1wG4_Ouyk0wM2Aw1yZy1G33nmAGUp1EiJ26xOWMdh-_lA_tY-J9qT01j1DFDBApSbPq1nAni7j0KccZLVR8NbXD8k9PwPzamBBMaUo1w_vmpO7KRSwFUHI96vBAXjfeGHPcQD6QrV2waxnDxH_iUOwmOItPRySFm9AYImyPrfMfinyvFFmKxGc5bE_kWscmQr6vKHYpXRXXcZ-j8ZuhRCreCdK5_jnPsOr&p=9&fvj=0&vjs=3,Not Applicable,Not Applicable,Not Applicable,2020-07-27
43,Indeed,Ethical Management,Grocery Food & Beverage Coordinator (Multi-unit) - Charleston/Savannah,Target,"Sanford, FL",https://www.indeed.com/pagead/clk?mo=r&ad=-6NYlbfkN0AgONBeCfCTVljpwzR96jFX3mtyFC--n153CYnqiKkqISljYKMEhFI3jzIhFm3J_pnqYjbRLUcgXdnjsn8a0tP2Y-g5RCMU9pMAjye0cc0M8fgSk81rvXYAEyep0yFjCpqyfZvroSyoAIiZ2nmjo1vhRQqYVoeazy--LtyzjlH2wMY184v3vqKyPDu5kugp0yFLGUh7mjb7N-20T1zSX_0LSMFL4nSvb__Njtyb_J9y6Y3i-nQs1aTzK7DUuuaZnN8A8vT3GZiKgq4ON95u2hoA9kgQdeb9GI-h3S9BYY3BO0jISmTvfISf72imtV87B82MkizTDscFdZ2TzTFrdqDWDLYW_OCRg4UvqKgpDR6uNeBJJcyES4C5&p=10&fvj=0&vjs=3,Not Applicable,Not Applicable,Not Applicable,2020-07-27
44,Indeed,Ethical Management,"Grocery Food & Beverage Coordinator (Multi-unit)--Buffalo/Rochester/Syracuse, NY Area",Target,"Williamsville, NY",https://www.indeed.com/pagead/clk?mo=r&ad=-6NYlbfkN0AgONBeCfCTVljpwzR96jFX3mtyFC--n153CYnqiKkqISljYKMEhFI3f7u5aCYOrCPgAQ5HrjTg7RRsgDsO7hy1lxAa6GrRDqC4PHb-KtttTfzUqkFEs6Q0ObXO80COPBWgMrft6r5nEhk7kRDO5t50qKwVe_7YtOw0fUpeTeuhTp7CCj7ppLsRJ9-J6EyTB31IakOcUL5J9N9643XcV7SDRIkL1wsGgVwIxvaEFPT6oMojP1oghDbLfhGdwNZScVd3Oi16NsSHN1v2inqcJU7dsaLfO0ycZqN7FlmNChe_TuD3s4xHo_F19cfiTHBncEG4aAGTb3mKYu4p9aKv1qGDPEUOCH1R2a4KUqNZJ8VR0epz_Up8tPSU&p=11&fvj=0&vjs=3,Not Applicable,Not Applicable,Not Applicable,2020-07-27
45,Indeed,Ethical Management,Virtual College Consultant,College MatchPoint,"Rollingwood, TX",https://www.indeed.com/company/College-MatchPoint/jobs/Virtual-College-Consultant-5f57c2488fd0686c?fccid=61f999e3a9f6c4f0&vjs=3,Not Applicable,Not Applicable,Not Applicable,2020-07-27
46,Indeed,Ethical Management,"VP, Carrier Relations (mmW)","Qualcomm Technologies, Inc.","San Diego, CA",https://www.indeed.com/rc/clk?jk=7cd0ac6280e15daf&fccid=d40ebe11fc879426&vjs=3,Not Applicable,Not Applicable,Not Applicable,2020-07-27
47,Indeed,Ethical Management,GENERAL MANAGER,MIDWEST HOTELS LLC,"Sidney, NE",https://www.indeed.com/company/Big-Sky-Hotels/jobs/General-Manager-de3aa89d47317764?fccid=fea6ab1879a22185&vjs=3,Not Applicable,Not Applicable,Not Applicable,2020-07-27
